journalName,year,impactFactor
North American Chapter of the Association for Computational Linguistics,2020,28.0
Neural Information Processing Systems,2019,25.0
Neural Information Processing Systems,2022,23.0
Neural Information Processing Systems,2021,18.0
North American Chapter of the Association for Computational Linguistics,2021,17.0
Neural Information Processing Systems,2023,12.0
Nature Biotechnology,2019,12.0
Information Technology Convergence and Services,2017,12.0
Neural Information Processing Systems,2018,11.0
Neural Information Processing Systems,2017,9.0
Nature Biotechnology,2020,9.0
Journal of machine learning research,2023,9.0
Journal of machine learning research,2021,9.0
Nature Communications,2020,9.0
Neural Information Processing Systems,2020,8.0
bioRxiv,2021,8.0
Neural Information Processing Systems,2017,7.0
Neural Information Processing Systems,2018,7.0
North American Chapter of the Association for Computational Linguistics,2018,7.0
FAT,2019,7.0
Journal of machine learning research,2020,7.0
Trans. Mach. Learn. Res,2023,7.0
Information Technology Convergence and Services,2018,7.0
Neural Information Processing Systems,2017,6.0
Neural Information Processing Systems,2018,6.0
Minds and Machines,2019,6.0
Nature,2019,6.0
Nature,2018,6.0
Annual Meeting of the Association for Computational Linguistics,2022,6.0
Annual Meeting of the Association for Computational Linguistics,2019,6.0
Science,2021,6.0
International Journal of Computer Vision,2016,6.0
International Journal of Computer Vision,2018,6.0
FAT,2019,6.0
Scientific Reports,2019,6.0
Journal of machine learning research,2016,6.0
Neural Information Processing Systems,2019,5.0
Neural Information Processing Systems,2017,5.0
Neural Information Processing Systems,2018,5.0
Neural Information Processing Systems,2019,5.0
Neural Information Processing Systems,2019,5.0
Neural Information Processing Systems,2019,5.0
Nature Genetics,2018,5.0
Nature,2021,5.0
Knowledge Discovery and Data Mining,2016,5.0
Annual Meeting of the Association for Computational Linguistics,2020,5.0
Annual Meeting of the Association for Computational Linguistics,2020,5.0
IEEE Transactions on Knowledge and Data Engineering,2019,5.0
Findings,2022,5.0
Communications of the ACM,2019,5.0
J. Am. Medical Informatics Assoc,2019,5.0
NeuroImage,2013,5.0
Neural Networks,2019,5.0
Nature Machine Intelligence,2021,5.0
Nature Machine Intelligence,2021,5.0
Nature Machine Intelligence,2020,5.0
Trends in Cognitive Sciences,2013,5.0
Queue,2018,5.0
ACM Computing Surveys,2019,5.0
National Academy of Sciences of the United States of America,2012,5.0
BlackboxNLP@EMNLP,2019,5.0
Neural Information Processing Systems,2019,4.0
Neural Information Processing Systems,2019,4.0
Neural Information Processing Systems,2019,4.0
Neural Information Processing Systems,2014,4.0
Neural Information Processing Systems,2019,4.0
IEEE Cloud Computing,2019,4.0
Nature Biotechnology,2020,4.0
Nature,2014,4.0
Nature,2019,4.0
Nature,2017,4.0
Nature,2016,4.0
Knowledge Discovery and Data Mining,2017,4.0
Knowledge Discovery and Data Mining,2018,4.0
Annual Meeting of the Association for Computational Linguistics,2020,4.0
Annual Meeting of the Association for Computational Linguistics,2021,4.0
Annual Meeting of the Association for Computational Linguistics,2021,4.0
Science,2019,4.0
Transactions of the Association for Computational Linguistics,2021,4.0
Angewandte Chemie,2016,4.0
Neural Networks,2016,4.0
Informatik Spektrum,2020,4.0
Journal of machine learning research,2022,4.0
Journal of machine learning research,2015,4.0
Journal of machine learning research,2023,4.0
Journal of machine learning research,2023,4.0
Nature Communications,2020,4.0
Nature Communications,2021,4.0
Nature Communications,2021,4.0
Nature Communications,2021,4.0
Nature Communications,2017,4.0
BMJ Quality & Safety,2020,4.0
ACM Computing Surveys,2021,4.0
National Academy of Sciences of the United States of America,2019,4.0
PeerJ,2015,4.0
Artificial Intelligence,2018,4.0
Sociological Methods & Research,2018,4.0
Journal of Chemical Information and Modeling,2020,4.0
BlackboxNLP@EMNLP,2020,4.0
Neural Information Processing Systems,2018,3.0
Neural Information Processing Systems,2018,3.0
Neural Information Processing Systems,2019,3.0
Neural Information Processing Systems,2012,3.0
Neural Information Processing Systems,2018,3.0
Neural Information Processing Systems,2016,3.0
Neural Information Processing Systems,2017,3.0
Neural Information Processing Systems,2020,3.0
Neural Information Processing Systems,2017,3.0
Neural Information Processing Systems,2021,3.0
Neural Information Processing Systems,2015,3.0
Neural Information Processing Systems,2023,3.0
Neural Information Processing Systems,2017,3.0
Neural Information Processing Systems,2018,3.0
Neural Information Processing Systems,2018,3.0
Neural Information Processing Systems,2015,3.0
Neural Information Processing Systems,2019,3.0
Neural Information Processing Systems,2019,3.0
IEEE Transactions on Industrial Informatics,2020,3.0
Minds and Machines,2020,3.0
Nature Biotechnology,2021,3.0
Nature,2014,3.0
Nature,2015,3.0
Nature,2019,3.0
Nature,2019,3.0
Nature,2014,3.0
Nature,2013,3.0
IEEE Transactions on Pattern Analysis and Machine Intelligence,2020,3.0
IEEE Access,2020,3.0
Knowledge Discovery and Data Mining,2019,3.0
Knowledge Discovery and Data Mining,2016,3.0
Knowledge Discovery and Data Mining,2018,3.0
Annual Meeting of the Association for Computational Linguistics,2021,3.0
Annual Meeting of the Association for Computational Linguistics,2021,3.0
Annual Meeting of the Association for Computational Linguistics,2022,3.0
Annual Meeting of the Association for Computational Linguistics,2023,3.0
Annual Meeting of the Association for Computational Linguistics,2021,3.0
Annual Meeting of the Association for Computational Linguistics,2020,3.0
IEEE Transactions on Knowledge and Data Engineering,2019,3.0
Science,2013,3.0
Science,2016,3.0
Science,2019,3.0
Science,2021,3.0
Science,2012,3.0
Nature Methods,2018,3.0
Nature Methods,2018,3.0
International Journal of Computer Vision,2015,3.0
Findings,2021,3.0
Transactions of the Association for Computational Linguistics,2020,3.0
Journal of Big Data,2020,3.0
IEEE Transactions on Image Processing,2020,3.0
IEEE Transactions on Image Processing,2019,3.0
PLoS ONE,2013,3.0
PLoS ONE,2022,3.0
Bioinform,2021,3.0
Angewandte Chemie,2017,3.0
Small Methods,2022,3.0
The Information Society,2019,3.0
The Information Society,2018,3.0
FAT,2020,3.0
Neuron,2013,3.0
National Science Review,2022,3.0
National Science Review,2021,3.0
NeuroImage,2012,3.0
IEEE Transactions on Neural Networks and Learning Systems,2018,3.0
IEEE Signal Processing Magazine,2018,3.0
International Journal on Semantic Web and Information Systems (IJSWIS),2011,3.0
Scientific Reports,2020,3.0
Scientific Reports,2018,3.0
Healthcare,2020,3.0
Genome Biology,2010,3.0
Nature Machine Intelligence,2020,3.0
Queue,2017,3.0
Informatik Spektrum,2020,3.0
Science Advances,2022,3.0
Science Advances,2019,3.0
Nature Materials,2023,3.0
Nature Communications,2022,3.0
Nature Communications,2021,3.0
Nature Communications,2020,3.0
Nature Communications,2022,3.0
Nature Communications,2023,3.0
Nature Communications,2021,3.0
Health Information Science and Systems,2016,3.0
Journal of Medical Ethics,2020,3.0
Big Data & Society,2018,3.0
PLoS Medicine,2019,3.0
ACM Computing Surveys,2020,3.0
ACM Computing Surveys,2020,3.0
"IEEE Transactions on Audio, Speech, and Language Processing",2014,3.0
"Philosophical Transactions of the Royal Society A: Mathematical, Physical and Engineering Sciences",2020,3.0
Artificial Intelligence,2019,3.0
Scholarpedia,2020,3.0
Nature Nanotechnology,2022,3.0
Nature Chemistry,2022,3.0
JAMA dermatology,2020,3.0
JACM,2007,3.0
Found. Trends Hum. Comput. Interact,2019,3.0
bioRxiv,2021,3.0
IEEE Internet of Things Journal,2020,2.0
IEEE Internet of Things Journal,2017,2.0
Neural Information Processing Systems,2016,2.0
Neural Information Processing Systems,2021,2.0
Neural Information Processing Systems,2018,2.0
Neural Information Processing Systems,2017,2.0
Neural Information Processing Systems,2018,2.0
Neural Information Processing Systems,2013,2.0
Neural Information Processing Systems,2019,2.0
Neural Information Processing Systems,2014,2.0
Neural Information Processing Systems,2022,2.0
Neural Information Processing Systems,2016,2.0
Neural Information Processing Systems,2019,2.0
Neural Information Processing Systems,2018,2.0
Neural Information Processing Systems,2017,2.0
Neural Information Processing Systems,2014,2.0
Neural Information Processing Systems,2023,2.0
Neural Information Processing Systems,2023,2.0
Neural Information Processing Systems,2016,2.0
Neural Information Processing Systems,2017,2.0
Neural Information Processing Systems,2019,2.0
Neural Information Processing Systems,2018,2.0
Neural Information Processing Systems,2017,2.0
Neural Information Processing Systems,2016,2.0
Neural Information Processing Systems,2019,2.0
Neural Information Processing Systems,2019,2.0
Neural Information Processing Systems,2020,2.0
Neural Information Processing Systems,2020,2.0
Neural Information Processing Systems,2019,2.0
Neural Information Processing Systems,2012,2.0
Neural Information Processing Systems,2019,2.0
Neural Information Processing Systems,2022,2.0
Neural Information Processing Systems,2019,2.0
Neural Information Processing Systems,2019,2.0
Neural Information Processing Systems,2020,2.0
AI and Ethics,2023,2.0
IEEE Transactions on Industrial Informatics,2020,2.0
Neural Computation,2012,2.0
Minds and Machines,2020,2.0
Minds and Machines,2021,2.0
Minds and Machines,2022,2.0
Minds and Machines,2022,2.0
Cell,2015,2.0
Cell,2020,2.0
Cell,2019,2.0
Cell,2020,2.0
Nucleic Acids Research,2008,2.0
Nucleic Acids Research,2014,2.0
Nature Genetics,2017,2.0
Nature Genetics,2009,2.0
Nature Genetics,2013,2.0
Nature Genetics,2012,2.0
Nature Biotechnology,2015,2.0
Nature Biotechnology,2010,2.0
Nature Biotechnology,2019,2.0
Nature Biotechnology,2016,2.0
Nature Biotechnology,2020,2.0
Nature Biotechnology,2020,2.0
SDM,2018,2.0
Interspeech,2016,2.0
Business & Information Systems Engineering,2019,2.0
IEEE Transactions on Vehicular Technology,2019,2.0
International Journal of Production Research,2019,2.0
International Journal of Production Research,2018,2.0
International Journal of Production Research,2020,2.0
International Journal of Production Research,2020,2.0
Nature,2022,2.0
Nature,2013,2.0
Nature,2014,2.0
Nature,2015,2.0
Nature,2014,2.0
Nature,2022,2.0
Nature,2018,2.0
Nature,2013,2.0
Nature,2013,2.0
Nature,2019,2.0
IEEE Transactions on Pattern Analysis and Machine Intelligence,2002,2.0
IEEE Transactions on Pattern Analysis and Machine Intelligence,2014,2.0
IEEE Transactions on Pattern Analysis and Machine Intelligence,2014,2.0
IEEE Transactions on Pattern Analysis and Machine Intelligence,2021,2.0
IEEE Transactions on Pattern Analysis and Machine Intelligence,2019,2.0
IEEE Transactions on Pattern Analysis and Machine Intelligence,2018,2.0
IEEE Transactions on Pattern Analysis and Machine Intelligence,2019,2.0
IEEE Access,2020,2.0
IEEE Access,2020,2.0
IEEE Access,2018,2.0
IEEE Access,2017,2.0
IEEE Access,2020,2.0
IEEE Access,2020,2.0
IEEE Access,2018,2.0
IEEE Access,2020,2.0
IEEE Access,2018,2.0
IEEE Access,2019,2.0
Knowledge Discovery and Data Mining,2020,2.0
Knowledge Discovery and Data Mining,1998,2.0
Annual Meeting of the Association for Computational Linguistics,2022,2.0
Annual Meeting of the Association for Computational Linguistics,2021,2.0
Annual Meeting of the Association for Computational Linguistics,2023,2.0
Annual Meeting of the Association for Computational Linguistics,2023,2.0
Annual Meeting of the Association for Computational Linguistics,2018,2.0
Annual Meeting of the Association for Computational Linguistics,2022,2.0
IEEE Transactions on Knowledge and Data Engineering,2009,2.0
IEEE Transactions on Knowledge and Data Engineering,2018,2.0
IEEE Transactions on Knowledge and Data Engineering,2017,2.0
European Radiology,2020,2.0
North American Chapter of the Association for Computational Linguistics,2020,2.0
North American Chapter of the Association for Computational Linguistics,2017,2.0
North American Chapter of the Association for Computational Linguistics,2015,2.0
Science,2017,2.0
Science,2018,2.0
Science,2017,2.0
Science,2014,2.0
Science,2017,2.0
Science,2018,2.0
Science,2022,2.0
Science,2018,2.0
Science,2017,2.0
Science,2021,2.0
Science,2020,2.0
Science,2017,2.0
Science,2019,2.0
Science,2020,2.0
Science,2022,2.0
Science,2023,2.0
Science,2021,2.0
IEEE Transactions on Geoscience and Remote Sensing,2021,2.0
IEEE Transactions on Geoscience and Remote Sensing,2021,2.0
IEEE Transactions on Geoscience and Remote Sensing,2020,2.0
IEEE Transactions on Geoscience and Remote Sensing,2019,2.0
IEEE Transactions on Geoscience and Remote Sensing,2021,2.0
Nature Methods,2015,2.0
Nature Methods,2018,2.0
Nature Methods,2015,2.0
Nature Methods,2015,2.0
Nature Methods,2014,2.0
Nature Methods,2015,2.0
Nature Methods,2019,2.0
Nature Methods,2015,2.0
Neurocomputing,2022,2.0
Neurocomputing,2023,2.0
International Journal of Computer Vision,2014,2.0
IEEE Transactions on Dependable and Secure Computing,2019,2.0
IEEE Transactions on Dependable and Secure Computing,2020,2.0
Transactions of the Association for Computational Linguistics,2019,2.0
Transactions of the Association for Computational Linguistics,2020,2.0
Transactions of the Association for Computational Linguistics,2022,2.0
Transactions of the Association for Computational Linguistics,2018,2.0
Journal of Big Data,2020,2.0
Journal of Big Data,2021,2.0
Journal of Big Data,2021,2.0
Journal of Big Data,2021,2.0
BMJ Open,2023,2.0
IEEE Transactions on Image Processing,2020,2.0
IEEE Transactions on Image Processing,2021,2.0
IEEE Transactions on Image Processing,2020,2.0
IEEE Transactions on Image Processing,2021,2.0
IEEE Transactions on Image Processing,2020,2.0
Complex,2020,2.0
PLoS ONE,2010,2.0
PLoS ONE,2017,2.0
Symmetry,2019,2.0
Symmetry,2021,2.0
Symmetry,2021,2.0
Bioinform,2022,2.0
Bioinform,2020,2.0
Bioinform,2014,2.0
Bioinform,2015,2.0
Bioinform,2002,2.0
Small Methods,2023,2.0
Chemical Science,2017,2.0
Chemical Science,2021,2.0
FAT,2019,2.0
FAT,2020,2.0
FAT,2019,2.0
FAT,2019,2.0
FAT,2020,2.0
Molecular & Cellular Proteomics,2020,2.0
Nature Protocols,2021,2.0
Nature Protocols,2019,2.0
IEEE Journal of Selected Topics in Applied Earth Observations and Remote Sensing,2022,2.0
IEEE Journal of Selected Topics in Applied Earth Observations and Remote Sensing,2020,2.0
IEEE Journal of Selected Topics in Applied Earth Observations and Remote Sensing,2020,2.0
Communications of the ACM,2022,2.0
Communications of the ACM,2019,2.0
National Science Review,2023,2.0
National Science Review,2022,2.0
IEEE Systems Journal,2018,2.0
Journal of the American Chemical Society,2021,2.0
BMC Bioinformatics,2015,2.0
J. Am. Medical Informatics Assoc,2015,2.0
NeuroImage,2013,2.0
NeuroImage,2016,2.0
IEEE Transactions on Neural Networks and Learning Systems,2015,2.0
IEEE Signal Processing Magazine,2019,2.0
International Journal on Semantic Web and Information Systems (IJSWIS),2011,2.0
International Journal on Semantic Web and Information Systems (IJSWIS),2010,2.0
Scientific Reports,2020,2.0
Scientific Reports,2021,2.0
Genome Biology,2021,2.0
Neural Networks,2015,2.0
Nature Machine Intelligence,2022,2.0
Nature Machine Intelligence,2022,2.0
Nature Machine Intelligence,2020,2.0
Nature Machine Intelligence,2021,2.0
Nature Machine Intelligence,2019,2.0
Informatik Spektrum,2021,2.0
Knowledge and Information Systems,2020,2.0
Knowledge and Information Systems,2019,2.0
Knowledge and Information Systems,2002,2.0
New Media & Society,2019,2.0
Journal of machine learning research,2015,2.0
Journal of machine learning research,2013,2.0
Journal of machine learning research,2012,2.0
Journal of machine learning research,2021,2.0
Science and Engineering Ethics,2016,2.0
Science and Engineering Ethics,2021,2.0
LDOW,2011,2.0
Scientific Data,2016,2.0
BMMDS/EMMSAD,2017,2.0
Science Advances,2021,2.0
Science Advances,2021,2.0
Science Advances,2022,2.0
Nature Materials,2015,2.0
Nature Materials,2022,2.0
Nature Communications,2023,2.0
Nature Communications,2021,2.0
Nature Communications,2022,2.0
Nature Communications,2022,2.0
Nature Communications,2021,2.0
Nature Communications,2023,2.0
Health Informatics Journal,2018,2.0
TALG,2009,2.0
Applications and Theory of Petri Nets,2015,2.0
International Conference on Computer Vision,1991,2.0
BMJ Quality & Safety,2020,2.0
BMJ Quality & Safety,2019,2.0
BMJ Quality & Safety,2021,2.0
Patterns,2023,2.0
IEEE Transactions on Computational Social Systems,2020,2.0
IEEE Transactions on Services Computing,2017,2.0
IEEE Transactions on Services Computing,2020,2.0
Big Data & Society,2019,2.0
Big Data & Society,2017,2.0
PLoS Medicine,2020,2.0
IEEE Transactions on Evolutionary Computation,2019,2.0
Information Systems Frontiers,2016,2.0
Information Systems Frontiers,2019,2.0
JMIR Human Factors,2022,2.0
Information Systems,2016,2.0
Machine Learning in Health Care,2016,2.0
Machine Learning in Health Care,2020,2.0
BlackboxNLP@ACL,2021,2.0
ACS Central Science,2017,2.0
Journal of Marketing Research,2021,2.0
ACM Computing Surveys,2023,2.0
IEEE Transactions on Visualization and Computer Graphics,2020,2.0
Journal of Chemical Theory and Computation,2019,2.0
National Academy of Sciences of the United States of America,2021,2.0
National Academy of Sciences of the United States of America,2023,2.0
National Academy of Sciences of the United States of America,2021,2.0
PLoS Biology,2018,2.0
Nature Human Behaviour,2020,2.0
F1000Research,2018,2.0
Medical Care,2014,2.0
"Philosophical Transactions of the Royal Society A: Mathematical, Physical and Engineering Sciences",2018,2.0
"Philosophical Transactions of the Royal Society A: Mathematical, Physical and Engineering Sciences",2019,2.0
COLD,2011,2.0
"International Colloquium on Automata, Languages and Programming",2018,2.0
Nature Nanotechnology,2021,2.0
Nature Nanotechnology,2022,2.0
IEEE Congress on Evolutionary Computation,2015,2.0
Frontiers in Medicine,2022,2.0
Nature Chemistry,2022,2.0
Nature Chemistry,2021,2.0
Psychological Science in the Public Interest,2021,2.0
JAMA dermatology,2022,2.0
JACM,2015,2.0
Frontiers in Robotics and AI,2020,2.0
Communications Biology,2021,2.0
Sociological Methods & Research,2019,2.0
XRDS,2014,2.0
Journal of Neuroscience Methods,2010,2.0
JAMA Internal Medicine,2023,2.0
IEEE Trans. Medical Imaging,2018,2.0
Nature Chemical Biology,2021,2.0
IEEE Transactions on Cognitive and Developmental Systems,2018,2.0
CNS Neuroscience & Therapeutics,2020,2.0
Cryptogr,2020,2.0
ACM Trans. Interact. Intell. Syst,2022,2.0
International Journal of Public Health,2014,2.0
bioRxiv,2023,2.0
bioRxiv,2020,2.0
bioRxiv,2020,2.0
bioRxiv,2022,2.0
bioRxiv,2023,2.0
bioRxiv,2022,2.0
Frontiers in Systems Neuroscience,2013,2.0
WASSA@NAACL HLT,2020,2.0
Ethics & Human Research,2022,2.0
Political Analysis,2023,2.0
Nordic Journal of Computing,2007,2.0
Molecular Systems Biology,2019,1.0
IEEE Internet of Things Journal,2023,1.0
IEEE Internet of Things Journal,2020,1.0
IEEE Internet of Things Journal,2020,1.0
IEEE Internet of Things Journal,2021,1.0
IEEE Internet of Things Journal,2020,1.0
IEEE Internet of Things Journal,2018,1.0
IEEE Internet of Things Journal,2020,1.0
IEEE Internet of Things Journal,2020,1.0
IEEE Internet of Things Journal,2020,1.0
IEEE Internet of Things Journal,2021,1.0
IEEE Internet of Things Journal,2020,1.0
IEEE Internet of Things Journal,2020,1.0
IEEE Internet of Things Journal,2023,1.0
IEEE Internet of Things Journal,2020,1.0
IEEE Internet of Things Journal,2020,1.0
IEEE Internet of Things Journal,2020,1.0
IEEE Internet of Things Journal,2020,1.0
IEEE Internet of Things Journal,2019,1.0
IEEE Internet of Things Journal,2020,1.0
Neural Information Processing Systems,2017,1.0
Neural Information Processing Systems,2017,1.0
Neural Information Processing Systems,2013,1.0
Neural Information Processing Systems,2019,1.0
Neural Information Processing Systems,2023,1.0
Neural Information Processing Systems,2020,1.0
Neural Information Processing Systems,2020,1.0
Neural Information Processing Systems,2021,1.0
Neural Information Processing Systems,2018,1.0
Neural Information Processing Systems,2019,1.0
Neural Information Processing Systems,2019,1.0
Neural Information Processing Systems,2020,1.0
Neural Information Processing Systems,2013,1.0
Neural Information Processing Systems,2021,1.0
Neural Information Processing Systems,2019,1.0
Neural Information Processing Systems,2012,1.0
Neural Information Processing Systems,2012,1.0
Neural Information Processing Systems,2013,1.0
Neural Information Processing Systems,2018,1.0
Neural Information Processing Systems,2021,1.0
Neural Information Processing Systems,2016,1.0
Neural Information Processing Systems,2017,1.0
Neural Information Processing Systems,2022,1.0
Neural Information Processing Systems,2021,1.0
Neural Information Processing Systems,2013,1.0
Neural Information Processing Systems,2014,1.0
Neural Information Processing Systems,2020,1.0
Neural Information Processing Systems,2016,1.0
Neural Information Processing Systems,2019,1.0
Neural Information Processing Systems,2017,1.0
Neural Information Processing Systems,2016,1.0
Neural Information Processing Systems,2023,1.0
Neural Information Processing Systems,2021,1.0
Neural Information Processing Systems,2018,1.0
Neural Information Processing Systems,2017,1.0
Neural Information Processing Systems,2023,1.0
Neural Information Processing Systems,2022,1.0
Neural Information Processing Systems,2015,1.0
Neural Information Processing Systems,2016,1.0
Neural Information Processing Systems,2013,1.0
Neural Information Processing Systems,2021,1.0
Neural Information Processing Systems,2012,1.0
Neural Information Processing Systems,2011,1.0
Neural Information Processing Systems,2017,1.0
Neural Information Processing Systems,2018,1.0
Neural Information Processing Systems,2022,1.0
Neural Information Processing Systems,2024,1.0
Neural Information Processing Systems,2018,1.0
Neural Information Processing Systems,2012,1.0
Neural Information Processing Systems,2018,1.0
Neural Information Processing Systems,2015,1.0
Neural Information Processing Systems,2016,1.0
Neural Information Processing Systems,2019,1.0
Neural Information Processing Systems,2017,1.0
Neural Information Processing Systems,2019,1.0
Neural Information Processing Systems,2019,1.0
Neural Information Processing Systems,2014,1.0
Neural Information Processing Systems,2012,1.0
Neural Information Processing Systems,2019,1.0
Neural Information Processing Systems,2018,1.0
Neural Information Processing Systems,2018,1.0
Neural Information Processing Systems,2014,1.0
Neural Information Processing Systems,2016,1.0
Neural Information Processing Systems,2015,1.0
Neural Information Processing Systems,2014,1.0
Neural Information Processing Systems,2020,1.0
Neural Information Processing Systems,2018,1.0
Neural Information Processing Systems,2019,1.0
Neural Information Processing Systems,2023,1.0
Neural Information Processing Systems,2024,1.0
Neural Information Processing Systems,2019,1.0
Neural Information Processing Systems,2023,1.0
Neural Information Processing Systems,2022,1.0
Neural Information Processing Systems,2015,1.0
Neural Information Processing Systems,2021,1.0
Neural Information Processing Systems,2020,1.0
Neural Information Processing Systems,2011,1.0
Neural Information Processing Systems,2020,1.0
Neural Information Processing Systems,1999,1.0
Neural Information Processing Systems,2019,1.0
Neural Information Processing Systems,2020,1.0
Neural Information Processing Systems,2000,1.0
Neural Information Processing Systems,2014,1.0
Neural Information Processing Systems,2019,1.0
Neural Information Processing Systems,2016,1.0
Neural Information Processing Systems,2019,1.0
Neural Information Processing Systems,2009,1.0
Neural Information Processing Systems,2020,1.0
Neural Information Processing Systems,2019,1.0
Neural Information Processing Systems,2012,1.0
Neural Information Processing Systems,2020,1.0
Neural Information Processing Systems,2020,1.0
Neural Information Processing Systems,2021,1.0
Neural Information Processing Systems,2014,1.0
Neural Information Processing Systems,2019,1.0
Neural Information Processing Systems,2023,1.0
Neural Information Processing Systems,2001,1.0
Neural Information Processing Systems,2020,1.0
Neural Information Processing Systems,2021,1.0
Neural Information Processing Systems,2018,1.0
Neural Information Processing Systems,2003,1.0
Neural Information Processing Systems,2018,1.0
Neural Information Processing Systems,2018,1.0
Neural Information Processing Systems,2019,1.0
Neural Information Processing Systems,2020,1.0
Neural Information Processing Systems,2020,1.0
Neural Information Processing Systems,2019,1.0
Computer,2018,1.0
Computer,1996,1.0
AI and Ethics,2023,1.0
AI and Ethics,2023,1.0
AI and Ethics,2022,1.0
AI and Ethics,2022,1.0
AI and Ethics,2023,1.0
IEEE Transactions on Industrial Informatics,2019,1.0
IEEE Transactions on Industrial Informatics,2020,1.0
IEEE Transactions on Industrial Informatics,2014,1.0
IEEE Transactions on Industrial Informatics,2015,1.0
Neural Computation,2002,1.0
Neural Computation,2007,1.0
Neural Computation,2000,1.0
Neural Computation,1999,1.0
Neural Computation,1998,1.0
Neural Computation,2001,1.0
Neural Computation,2003,1.0
Journal of Medical Screening,2010,1.0
IEEE Cloud Computing,2019,1.0
IEEE Cloud Computing,2020,1.0
IEEE Cloud Computing,2020,1.0
IEEE Cloud Computing,2020,1.0
Clinical Cancer Research,2018,1.0
Clinical Cancer Research,2020,1.0
Minds and Machines,2016,1.0
Minds and Machines,2021,1.0
Cell,2021,1.0
Cell,2022,1.0
Cell,2022,1.0
Cell,2015,1.0
Cell,2022,1.0
Cell,2022,1.0
Cell,2019,1.0
Cell,2020,1.0
Cell,2020,1.0
Cell,2019,1.0
Cell,2019,1.0
Cell,2019,1.0
Cell,2020,1.0
Cell,2019,1.0
Cell,2021,1.0
Cell,2019,1.0
Cell,2021,1.0
Cell,2022,1.0
Cell,2012,1.0
Nucleic Acids Research,2015,1.0
Nucleic Acids Research,2015,1.0
Nucleic Acids Research,2009,1.0
Nucleic Acids Research,2012,1.0
Nucleic Acids Research,2013,1.0
Nucleic Acids Research,2013,1.0
Nature Genetics,2003,1.0
Nature Genetics,2019,1.0
Nature Genetics,2013,1.0
Nature Genetics,2014,1.0
Nature Genetics,2010,1.0
Nature Genetics,2024,1.0
Journal of Medical Internet Research,2023,1.0
Journal of Medical Internet Research,2023,1.0
Journal of Medical Internet Research,2020,1.0
Journal of Medical Internet Research,2023,1.0
Journal of Medical Internet Research,2020,1.0
Journal of Medical Internet Research,2022,1.0
Journal of Medical Internet Research,2020,1.0
Nature Biotechnology,2021,1.0
Nature Biotechnology,2015,1.0
Nature Biotechnology,2019,1.0
Nature Biotechnology,2023,1.0
Nature Biotechnology,2014,1.0
Nature Biotechnology,2021,1.0
Nature Biotechnology,2020,1.0
Nature Biotechnology,2023,1.0
Nature Biotechnology,2022,1.0
Nature Biotechnology,2020,1.0
Nature Biotechnology,2019,1.0
Nature Biotechnology,2022,1.0
Nature Biotechnology,2022,1.0
Nature Biotechnology,2019,1.0
SDM,2004,1.0
SDM,2019,1.0
IEEE Transactions on Parallel and Distributed Systems,2022,1.0
JMIR mHealth and uHealth,2019,1.0
JMIR mHealth and uHealth,2018,1.0
Semantic Web,2020,1.0
Semantic Web,2013,1.0
Semantic Web,2020,1.0
Semantic Web,2013,1.0
Semantic Web,2017,1.0
Semantic Web,2016,1.0
Semantic Web,2013,1.0
Interspeech,2012,1.0
Business & Information Systems Engineering,2022,1.0
Business & Information Systems Engineering,2021,1.0
Business & Information Systems Engineering,2021,1.0
IEEE Transactions on Vehicular Technology,2019,1.0
IEEE Transactions on Vehicular Technology,2020,1.0
International Journal of Production Research,2018,1.0
International Journal of Production Research,2020,1.0
International Journal of Production Research,2020,1.0
International Journal of Production Research,2021,1.0
International Journal of Production Research,2020,1.0
International Journal of Production Research,2021,1.0
International Journal of Production Research,2021,1.0
International Journal of Production Research,2021,1.0
International Journal of Production Research,2020,1.0
International Journal of Production Research,2019,1.0
International Journal of Production Research,2019,1.0
Nature,2009,1.0
Nature,2008,1.0
Nature,2016,1.0
Nature,2023,1.0
Nature,2023,1.0
Nature,2024,1.0
Nature,2009,1.0
Nature,2023,1.0
Nature,2019,1.0
Nature,2015,1.0
Nature,2017,1.0
Nature,2016,1.0
Nature,2020,1.0
Nature,2021,1.0
Nature,2019,1.0
Nature,2020,1.0
Nature,2011,1.0
Nature,2024,1.0
Nature,2020,1.0
Nature,2020,1.0
Nature,2010,1.0
Nature,2011,1.0
Nature,2020,1.0
Nature,2019,1.0
Nature,2020,1.0
Nature,2023,1.0
Nature,2016,1.0
Nature,2017,1.0
Nature,2021,1.0
Nature,2016,1.0
Nature,2015,1.0
Nature,2019,1.0
Nature,2012,1.0
Nature,2012,1.0
Nature,2021,1.0
Nature,2020,1.0
Nature,2011,1.0
Nature,2022,1.0
Nature,2009,1.0
Nature,2010,1.0
Nature,2014,1.0
Nature,2014,1.0
Nature,2019,1.0
Nature,2023,1.0
Nature,2011,1.0
Nature,2023,1.0
Nature,2022,1.0
Nature,2022,1.0
Nature,2019,1.0
Nature,2021,1.0
Nature,2020,1.0
Nature,2017,1.0
Nature,2024,1.0
Nature,2022,1.0
Nature,2022,1.0
Nature,2015,1.0
Nature,2023,1.0
Nature,2018,1.0
Nature,2018,1.0
Nature,2019,1.0
Nature,2022,1.0
Nature,2022,1.0
Nature,2007,1.0
IEEE Transactions on Pattern Analysis and Machine Intelligence,2017,1.0
IEEE Transactions on Pattern Analysis and Machine Intelligence,1999,1.0
IEEE Transactions on Pattern Analysis and Machine Intelligence,2020,1.0
IEEE Transactions on Pattern Analysis and Machine Intelligence,2022,1.0
IEEE Transactions on Pattern Analysis and Machine Intelligence,1991,1.0
IEEE Transactions on Pattern Analysis and Machine Intelligence,2019,1.0
IEEE Transactions on Pattern Analysis and Machine Intelligence,1996,1.0
IEEE Transactions on Pattern Analysis and Machine Intelligence,2006,1.0
IEEE Transactions on Pattern Analysis and Machine Intelligence,2023,1.0
IEEE Transactions on Pattern Analysis and Machine Intelligence,2013,1.0
IEEE Transactions on Pattern Analysis and Machine Intelligence,2023,1.0
IEEE Transactions on Pattern Analysis and Machine Intelligence,2022,1.0
IEEE Transactions on Pattern Analysis and Machine Intelligence,2017,1.0
IEEE Transactions on Pattern Analysis and Machine Intelligence,2000,1.0
IEEE Transactions on Pattern Analysis and Machine Intelligence,2015,1.0
IEEE Transactions on Pattern Analysis and Machine Intelligence,2016,1.0
IEEE Access,2021,1.0
IEEE Access,2020,1.0
IEEE Access,2021,1.0
IEEE Access,2021,1.0
IEEE Access,2022,1.0
IEEE Access,2020,1.0
IEEE Access,2020,1.0
IEEE Access,2022,1.0
IEEE Access,2016,1.0
IEEE Access,2015,1.0
IEEE Access,2021,1.0
IEEE Access,2020,1.0
IEEE Access,2020,1.0
IEEE Access,2018,1.0
IEEE Access,2021,1.0
IEEE Access,2020,1.0
IEEE Access,2018,1.0
IEEE Access,2021,1.0
IEEE Access,2020,1.0
IEEE Access,2021,1.0
IEEE Access,2019,1.0
IEEE Access,2020,1.0
IEEE Access,2020,1.0
IEEE Access,2017,1.0
IEEE Access,2020,1.0
IEEE Access,2021,1.0
Ethics and Information Technology,2017,1.0
Ethics and Information Technology,2019,1.0
Ethics and Information Technology,2019,1.0
Ethics and Information Technology,2020,1.0
Ethics and Information Technology,2019,1.0
Ethics and Information Technology,2016,1.0
Ethics and Information Technology,2016,1.0
Ethics and Information Technology,2018,1.0
Ethics and Information Technology,2019,1.0
Knowledge Discovery and Data Mining,2017,1.0
Knowledge Discovery and Data Mining,2020,1.0
Knowledge Discovery and Data Mining,2002,1.0
Knowledge Discovery and Data Mining,2001,1.0
Knowledge Discovery and Data Mining,2019,1.0
Knowledge Discovery and Data Mining,2018,1.0
Knowledge Discovery and Data Mining,2017,1.0
Knowledge Discovery and Data Mining,2018,1.0
Knowledge Discovery and Data Mining,2020,1.0
Knowledge Discovery and Data Mining,2018,1.0
Knowledge Discovery and Data Mining,2020,1.0
Knowledge Discovery and Data Mining,2020,1.0
Knowledge Discovery and Data Mining,2004,1.0
Knowledge Discovery and Data Mining,2015,1.0
Knowledge Discovery and Data Mining,2020,1.0
Knowledge Discovery and Data Mining,2019,1.0
Knowledge Discovery and Data Mining,2020,1.0
Knowledge Discovery and Data Mining,2012,1.0
Knowledge Discovery and Data Mining,2015,1.0
Knowledge Discovery and Data Mining,2017,1.0
Knowledge Discovery and Data Mining,2016,1.0
Knowledge Discovery and Data Mining,2013,1.0
Knowledge Discovery and Data Mining,2019,1.0
Knowledge Discovery and Data Mining,2018,1.0
Knowledge Discovery and Data Mining,2021,1.0
Knowledge Discovery and Data Mining,2020,1.0
Knowledge Discovery and Data Mining,2013,1.0
Knowledge Discovery and Data Mining,2013,1.0
Knowledge Discovery and Data Mining,2016,1.0
Knowledge Discovery and Data Mining,2010,1.0
Knowledge Discovery and Data Mining,2017,1.0
Knowledge Discovery and Data Mining,2017,1.0
Knowledge Discovery and Data Mining,2017,1.0
Knowledge Discovery and Data Mining,2018,1.0
Knowledge Discovery and Data Mining,2004,1.0
Science China Information Sciences,2023,1.0
Science China Information Sciences,2022,1.0
Annual Meeting of the Association for Computational Linguistics,2019,1.0
Annual Meeting of the Association for Computational Linguistics,2021,1.0
Annual Meeting of the Association for Computational Linguistics,2020,1.0
Annual Meeting of the Association for Computational Linguistics,2023,1.0
Annual Meeting of the Association for Computational Linguistics,2018,1.0
Annual Meeting of the Association for Computational Linguistics,2020,1.0
Annual Meeting of the Association for Computational Linguistics,2023,1.0
Annual Meeting of the Association for Computational Linguistics,2020,1.0
Annual Meeting of the Association for Computational Linguistics,2021,1.0
Annual Meeting of the Association for Computational Linguistics,2022,1.0
Annual Meeting of the Association for Computational Linguistics,2022,1.0
Annual Meeting of the Association for Computational Linguistics,2004,1.0
Annual Meeting of the Association for Computational Linguistics,2018,1.0
Annual Meeting of the Association for Computational Linguistics,2021,1.0
Annual Meeting of the Association for Computational Linguistics,2022,1.0
Annual Meeting of the Association for Computational Linguistics,2017,1.0
Annual Meeting of the Association for Computational Linguistics,2016,1.0
Annual Meeting of the Association for Computational Linguistics,2021,1.0
Annual Meeting of the Association for Computational Linguistics,2016,1.0
IEEE Transactions on Knowledge and Data Engineering,2020,1.0
IEEE Transactions on Knowledge and Data Engineering,2019,1.0
IEEE Transactions on Knowledge and Data Engineering,2012,1.0
IEEE Transactions on Knowledge and Data Engineering,2017,1.0
IEEE Transactions on Knowledge and Data Engineering,2011,1.0
IEEE Transactions on Knowledge and Data Engineering,2018,1.0
IEEE Transactions on Knowledge and Data Engineering,2023,1.0
IEEE Transactions on Knowledge and Data Engineering,2004,1.0
IEEE Transactions on Knowledge and Data Engineering,2021,1.0
IEEE Transactions on Knowledge and Data Engineering,2008,1.0
IEEE Transactions on Knowledge and Data Engineering,2023,1.0
IEEE Transactions on Knowledge and Data Engineering,2009,1.0
IEEE Transactions on Knowledge and Data Engineering,2019,1.0
IEEE Transactions on Knowledge and Data Engineering,2018,1.0
IEEE Transactions on Knowledge and Data Engineering,2019,1.0
IEEE Transactions on Knowledge and Data Engineering,2012,1.0
IEEE Transactions on Knowledge and Data Engineering,2020,1.0
IEEE Transactions on Knowledge and Data Engineering,2018,1.0
mSystems,2021,1.0
European Radiology,2023,1.0
Peer to Peer Networking and Applications,2020,1.0
J. Algorithms,1983,1.0
North American Chapter of the Association for Computational Linguistics,2020,1.0
North American Chapter of the Association for Computational Linguistics,2022,1.0
North American Chapter of the Association for Computational Linguistics,2014,1.0
North American Chapter of the Association for Computational Linguistics,2017,1.0
North American Chapter of the Association for Computational Linguistics,2018,1.0
North American Chapter of the Association for Computational Linguistics,2021,1.0
North American Chapter of the Association for Computational Linguistics,2020,1.0
North American Chapter of the Association for Computational Linguistics,2023,1.0
North American Chapter of the Association for Computational Linguistics,2019,1.0
North American Chapter of the Association for Computational Linguistics,2019,1.0
North American Chapter of the Association for Computational Linguistics,2022,1.0
North American Chapter of the Association for Computational Linguistics,2019,1.0
North American Chapter of the Association for Computational Linguistics,2019,1.0
North American Chapter of the Association for Computational Linguistics,2023,1.0
North American Chapter of the Association for Computational Linguistics,2021,1.0
North American Chapter of the Association for Computational Linguistics,2022,1.0
North American Chapter of the Association for Computational Linguistics,2022,1.0
ECML/PKDD,2014,1.0
Science,2022,1.0
Science,2013,1.0
Science,2019,1.0
Science,2022,1.0
Science,2023,1.0
Science,2022,1.0
Science,2013,1.0
Science,2023,1.0
Science,2019,1.0
Science,2021,1.0
Science,2019,1.0
Science,2023,1.0
Science,2021,1.0
Science,2024,1.0
Science,2011,1.0
Science,2020,1.0
Science,2021,1.0
Science,1984,1.0
Science,2014,1.0
Science,2021,1.0
Science,2017,1.0
Science,2024,1.0
Science,2010,1.0
Science,2016,1.0
Science,2020,1.0
Science,2023,1.0
Science,2019,1.0
Science,2020,1.0
Science,2020,1.0
Science,2018,1.0
Science,2016,1.0
Science,2016,1.0
Science,2019,1.0
Science,2012,1.0
Science,2022,1.0
Science,1998,1.0
Science,2018,1.0
Journal of Management Information Systems,2004,1.0
Quantitative Science Studies,2024,1.0
IEEE Transactions on Geoscience and Remote Sensing,2022,1.0
IEEE Transactions on Geoscience and Remote Sensing,2022,1.0
IEEE Transactions on Geoscience and Remote Sensing,2021,1.0
IEEE Transactions on Geoscience and Remote Sensing,2022,1.0
IEEE Transactions on Geoscience and Remote Sensing,2022,1.0
IEEE Transactions on Geoscience and Remote Sensing,2022,1.0
IEEE Transactions on Geoscience and Remote Sensing,2022,1.0
IEEE Transactions on Geoscience and Remote Sensing,2022,1.0
IEEE Transactions on Geoscience and Remote Sensing,2015,1.0
IEEE Transactions on Geoscience and Remote Sensing,2022,1.0
IEEE Transactions on Geoscience and Remote Sensing,2022,1.0
IEEE Transactions on Geoscience and Remote Sensing,2022,1.0
IEEE Transactions on Geoscience and Remote Sensing,2021,1.0
IEEE Transactions on Geoscience and Remote Sensing,2022,1.0
IEEE Transactions on Geoscience and Remote Sensing,2022,1.0
IEEE Transactions on Geoscience and Remote Sensing,2023,1.0
IEEE Transactions on Geoscience and Remote Sensing,2015,1.0
IEEE Transactions on Geoscience and Remote Sensing,2022,1.0
IEEE Transactions on Geoscience and Remote Sensing,2022,1.0
Nature Methods,2014,1.0
Nature Methods,2023,1.0
Nature Methods,2019,1.0
Nature Methods,2023,1.0
Nature Methods,2023,1.0
Nature Methods,2022,1.0
Nature Methods,2020,1.0
Nature Methods,2009,1.0
Nature Methods,2011,1.0
Nature Methods,2020,1.0
Nature Methods,2013,1.0
Nature Methods,2021,1.0
Nature Methods,2009,1.0
Neurocomputing,2018,1.0
Neurocomputing,2019,1.0
International Journal of Computer Vision,2010,1.0
International Journal of Computer Vision,2009,1.0
International Journal of Computer Vision,2015,1.0
International Journal of Computer Vision,2017,1.0
International Journal of Computer Vision,2019,1.0
International Journal of Computer Vision,1991,1.0
Findings,2021,1.0
Findings,2021,1.0
Findings,2022,1.0
ISWC/ASWC,2009,1.0
Metabolomics,2020,1.0
Metabolomics,2019,1.0
Metabolomics,2020,1.0
BPMDS/EMMSAD@CAiSE,2020,1.0
IEEE Transactions on Dependable and Secure Computing,2022,1.0
Technometrics,2018,1.0
Technometrics,2002,1.0
Technometrics,2003,1.0
Technometrics,2006,1.0
JAMA Network Open,2023,1.0
JAMA Network Open,2019,1.0
Frontiers in Pharmacology,2023,1.0
Nature Biomedical Engineering,2023,1.0
Nature Biomedical Engineering,2023,1.0
Nature Biomedical Engineering,2023,1.0
Nature Biomedical Engineering,2023,1.0
Transactions of the Association for Computational Linguistics,2021,1.0
Transactions of the Association for Computational Linguistics,2017,1.0
Transactions of the Association for Computational Linguistics,2020,1.0
Transactions of the Association for Computational Linguistics,2022,1.0
Journal of Big Data,2017,1.0
Journal of Big Data,2020,1.0
Journal of Big Data,2023,1.0
Journal of Big Data,2020,1.0
Journal of Big Data,2021,1.0
Robotics Auton. Syst,2018,1.0
Annals of Internal Medicine,2017,1.0
Annals of Internal Medicine,2016,1.0
Annals of Internal Medicine,2017,1.0
BMJ Open,2014,1.0
BMJ Open,2022,1.0
BMC Medical Education,2022,1.0
Frontiers in Psychology,2024,1.0
Journal of Translational Medicine,2022,1.0
IEEE Transactions on Image Processing,2022,1.0
IEEE Transactions on Image Processing,2023,1.0
IEEE Transactions on Image Processing,2021,1.0
IEEE Transactions on Image Processing,2021,1.0
IEEE Transactions on Image Processing,2019,1.0
IEEE Transactions on Image Processing,2022,1.0
IEEE Transactions on Image Processing,2022,1.0
IEEE Transactions on Big Data,2017,1.0
IEEE Transactions on Big Data,2017,1.0
Complex,2020,1.0
PLoS ONE,2012,1.0
PLoS ONE,2019,1.0
PLoS ONE,2015,1.0
PLoS ONE,2018,1.0
PLoS ONE,2020,1.0
PLoS ONE,2014,1.0
PLoS ONE,2018,1.0
PLoS ONE,2016,1.0
PLoS ONE,2011,1.0
PLoS ONE,2017,1.0
PLoS ONE,2014,1.0
PLoS ONE,2022,1.0
Symmetry,2020,1.0
Symmetry,2020,1.0
Circulation,2023,1.0
Circulation,2010,1.0
Circulation,2020,1.0
Annals of Operations Research,2021,1.0
Annals of Operations Research,2021,1.0
Annals of Operations Research,2021,1.0
Annals of Operations Research,2021,1.0
Annals of Operations Research,2021,1.0
Annals of Operations Research,2022,1.0
Annals of Operations Research,2021,1.0
Annals of Operations Research,2019,1.0
Theory and Practice of Logic Programming,2018,1.0
BioMed Research International,2021,1.0
IEEE Geoscience and Remote Sensing Letters,2022,1.0
IEEE Geoscience and Remote Sensing Letters,2022,1.0
IEEE Geoscience and Remote Sensing Letters,2022,1.0
Nursing Ethics,2022,1.0
Nursing Ethics,2017,1.0
ASPLOS XVI,2013,1.0
Science Translational Medicine,2022,1.0
Science Translational Medicine,2023,1.0
Science Translational Medicine,2022,1.0
Science Translational Medicine,2020,1.0
BioTechniques,2002,1.0
BioTechniques,2001,1.0
BioTechniques,2003,1.0
IEEE Transactions on Cybernetics,2020,1.0
IEEE Transactions on Cybernetics,2022,1.0
IEEE Transactions on Cybernetics,2021,1.0
Bioinform,2017,1.0
Bioinform,2015,1.0
Bioinform,2016,1.0
Bioinform,2015,1.0
Bioinform,2021,1.0
Bioinform,2020,1.0
Bioinform,2016,1.0
Bioinform,2024,1.0
Bioinform,2012,1.0
Angewandte Chemie,2020,1.0
Angewandte Chemie,2018,1.0
Angewandte Chemie,2019,1.0
Angewandte Chemie,2017,1.0
Angewandte Chemie,2016,1.0
Angewandte Chemie,2023,1.0
Angewandte Chemie,2018,1.0
IEEE Computational Intelligence Magazine,2012,1.0
Small Methods,2023,1.0
Artificial Intelligence Review,2020,1.0
The Information Society,2015,1.0
The Information Society,2016,1.0
The Information Society,2021,1.0
Chemical Science,2022,1.0
Chemical Science,2018,1.0
Chemical Science,2019,1.0
Chemical Science,2020,1.0
FAT,2020,1.0
FAT,2019,1.0
FAT,2018,1.0
FAT,2020,1.0
FAT,2020,1.0
FAT,2019,1.0
FAT,2019,1.0
FAT,2019,1.0
FAT,2019,1.0
FAT,2018,1.0
FAT,2020,1.0
FAT,2019,1.0
Cancer Informatics,2018,1.0
Cancer Informatics,2018,1.0
Molecular & Cellular Proteomics,2017,1.0
Molecular & Cellular Proteomics,2019,1.0
Nature Protocols,2008,1.0
Nature Protocols,2018,1.0
Nature Protocols,2021,1.0
Nature Protocols,2024,1.0
Nature Protocols,2009,1.0
IEEE Network,2020,1.0
IEEE Network,2020,1.0
IEEE Network,2020,1.0
IEEE Network,2019,1.0
IEEE Network,2020,1.0
IEEE Network,2020,1.0
IEEE Journal of Selected Topics in Applied Earth Observations and Remote Sensing,2022,1.0
IEEE Journal of Selected Topics in Applied Earth Observations and Remote Sensing,2021,1.0
IEEE Journal of Selected Topics in Applied Earth Observations and Remote Sensing,2021,1.0
IEEE Journal of Selected Topics in Applied Earth Observations and Remote Sensing,2022,1.0
PeerJ Computer Science,2016,1.0
PeerJ Computer Science,2022,1.0
Neuron,2014,1.0
Neuron,2019,1.0
Neuron,2018,1.0
Nature Reviews Cardiology,2017,1.0
Personality and Social Psychology Review,2001,1.0
Personality and Social Psychology Review,2000,1.0
Analytical Chemistry,2017,1.0
Analytical Chemistry,2021,1.0
Analytical Chemistry,2019,1.0
Analytical Chemistry,2021,1.0
Analytical Chemistry,2021,1.0
Analytical Chemistry,2015,1.0
Analytical Chemistry,2021,1.0
Analytical Chemistry,2021,1.0
ACS Synthetic Biology,2021,1.0
ACS Synthetic Biology,2013,1.0
Medical Education,2022,1.0
SAD/CrowdBias@HCOMP,2019,1.0
Communications of the ACM,2019,1.0
Communications of the ACM,2020,1.0
Communications of the ACM,2019,1.0
Communications of the ACM,2014,1.0
Communications of the ACM,2019,1.0
Communications of the ACM,2016,1.0
Communications of the ACM,2022,1.0
Communications of the ACM,2012,1.0
Communications of the ACM,2020,1.0
Communications of the ACM,2022,1.0
Critical Care Medicine,2018,1.0
Critical Care Medicine,2018,1.0
National Science Review,2014,1.0
Journal of the American Chemical Society,2021,1.0
Journal of the American Chemical Society,2022,1.0
Journal of the American Chemical Society,2023,1.0
Journal of the American Chemical Society,2022,1.0
Journal of the American Chemical Society,2022,1.0
Journal of the American Chemical Society,2021,1.0
Journal of the American Chemical Society,2022,1.0
Journal of the American Chemical Society,2022,1.0
Journal of the American Chemical Society,2022,1.0
Journal of the American Chemical Society,2022,1.0
Journal of Reliable Intelligent Environments,2021,1.0
Found. Trends Mach. Learn,2013,1.0
Found. Trends Mach. Learn,2012,1.0
Found. Trends Mach. Learn,2018,1.0
Found. Trends Mach. Learn,2009,1.0
Found. Trends Mach. Learn,2020,1.0
Found. Trends Mach. Learn,2021,1.0
Nature Reviews Neuroscience,2008,1.0
Nature Reviews Neuroscience,2009,1.0
Big Data,2022,1.0
Big Data,2017,1.0
"Journal of chromatography. B, Analytical technologies in the biomedical and life sciences",2021,1.0
BMC Bioinformatics,2021,1.0
BMC Bioinformatics,2018,1.0
BMC Bioinformatics,2021,1.0
BMC Bioinformatics,2016,1.0
International Journal of Geographical Information Science,2019,1.0
International Journal of Geographical Information Science,2018,1.0
International Journal of Geographical Information Science,2007,1.0
J. Am. Medical Informatics Assoc,2021,1.0
J. Am. Medical Informatics Assoc,2018,1.0
J. Am. Medical Informatics Assoc,2023,1.0
J. Am. Medical Informatics Assoc,2022,1.0
J. Am. Medical Informatics Assoc,2013,1.0
J. Am. Medical Informatics Assoc,2020,1.0
J. Am. Medical Informatics Assoc,2019,1.0
J. Am. Medical Informatics Assoc,2018,1.0
J. Am. Medical Informatics Assoc,2020,1.0
J. Am. Medical Informatics Assoc,2014,1.0
J. Am. Medical Informatics Assoc,2018,1.0
J. Am. Medical Informatics Assoc,2016,1.0
NeuroImage,2014,1.0
NeuroImage,2016,1.0
NeuroImage,2014,1.0
NeuroImage,2007,1.0
NeuroImage,2006,1.0
NeuroImage,2015,1.0
NeuroImage,2015,1.0
NeuroImage,2014,1.0
NeuroImage,2010,1.0
NeuroImage,2016,1.0
NeuroImage,2015,1.0
NeuroImage,2009,1.0
NeuroImage,2014,1.0
NeuroImage,2011,1.0
NeuroImage,2015,1.0
NeuroImage,2014,1.0
NeuroImage,2014,1.0
NeuroImage,2015,1.0
IEEE Transactions on Neural Networks and Learning Systems,2022,1.0
IEEE Transactions on Neural Networks and Learning Systems,2020,1.0
IEEE Transactions on Neural Networks and Learning Systems,2020,1.0
IEEE Transactions on Neural Networks and Learning Systems,2020,1.0
IEEE Transactions on Neural Networks and Learning Systems,2022,1.0
IEEE Transactions on Neural Networks and Learning Systems,2021,1.0
IEEE Signal Processing Magazine,2014,1.0
IEEE Signal Processing Magazine,2021,1.0
IEEE Signal Processing Magazine,2023,1.0
IEEE Signal Processing Magazine,2018,1.0
Computational and Structural Biotechnology Journal,2022,1.0
Computational and Structural Biotechnology Journal,2020,1.0
Computational and Structural Biotechnology Journal,2021,1.0
International Journal on Semantic Web and Information Systems (IJSWIS),2022,1.0
International Journal on Semantic Web and Information Systems (IJSWIS),2010,1.0
Systematic Reviews,2017,1.0
Current Psychiatry Reports,2016,1.0
Scientific Reports,2021,1.0
Scientific Reports,2021,1.0
Scientific Reports,2023,1.0
Scientific Reports,2022,1.0
Scientific Reports,2018,1.0
Scientific Reports,2020,1.0
Scientific Reports,2019,1.0
Scientific Reports,2017,1.0
Scientific Reports,2021,1.0
Healthcare,2021,1.0
Healthcare,2021,1.0
BMC Medical Informatics and Decision Making,2021,1.0
BMC Medical Informatics and Decision Making,2015,1.0
BMC Medical Informatics and Decision Making,2015,1.0
BMC Medical Informatics and Decision Making,2019,1.0
BMC Medical Informatics and Decision Making,2020,1.0
Genome Biology,2021,1.0
Genome Biology,2011,1.0
Genome Biology,2003,1.0
IEEE Transactions on Emerging Topics in Computing,2015,1.0
DeSemWeb@ISWC,2018,1.0
International Journal of Medical Informatics,2021,1.0
Nature Reviews Physics,2023,1.0
Nature Reviews Physics,2024,1.0
Nature Reviews Physics,2024,1.0
Neural Networks,2018,1.0
Neural Networks,2014,1.0
Neural Networks,2017,1.0
European Journal of Nuclear Medicine and Molecular Imaging,2023,1.0
European Journal of Nuclear Medicine and Molecular Imaging,2020,1.0
TKDD,2012,1.0
TKDD,2012,1.0
IEEE Intelligent Systems,2019,1.0
Frontiers in Big Data,2023,1.0
Frontiers in Big Data,2020,1.0
SWDB,2005,1.0
ISWC URSW,2006,1.0
eGEMs,2018,1.0
Nature Machine Intelligence,2023,1.0
Nature Machine Intelligence,2023,1.0
Nature Machine Intelligence,2023,1.0
Nature Machine Intelligence,2023,1.0
Nature Machine Intelligence,2023,1.0
Nature Machine Intelligence,2022,1.0
Nature Machine Intelligence,2021,1.0
Trends in Cognitive Sciences,2024,1.0
Trends in Cognitive Sciences,2014,1.0
Trends in Cognitive Sciences,2007,1.0
IEEE Transactions on Information Theory,2020,1.0
IEEE Transactions on Information Theory,2022,1.0
IEEE Transactions on Information Theory,2002,1.0
Scientometrics,2018,1.0
Queue,2021,1.0
Queue,2021,1.0
ISPRS Int. J. Geo Inf,2020,1.0
ISPRS Int. J. Geo Inf,2020,1.0
ISPRS Int. J. Geo Inf,2020,1.0
ISPRS Int. J. Geo Inf,2020,1.0
IEEE Journal on Selected Areas in Communications,2020,1.0
IEEE Journal on Selected Areas in Communications,2020,1.0
Research Challenges in Information Science,2021,1.0
Research Challenges in Information Science,2016,1.0
Philosophical Transactions of the Royal Society A,2023,1.0
IEEE Consumer Electronics Magazine,2020,1.0
IEEE Consumer Electronics Magazine,2018,1.0
Behavior Research Methods,2023,1.0
Frontiers in Microbiology,2021,1.0
Cell Stem Cell,2019,1.0
Journal of Nanobiotechnology,2013,1.0
Informatik Spektrum,2020,1.0
Informatik Spektrum,2021,1.0
Informatik Spektrum,2021,1.0
Knowledge and Information Systems,2016,1.0
Knowledge and Information Systems,2017,1.0
Knowledge and Information Systems,2017,1.0
Knowledge and Information Systems,2003,1.0
Knowledge and Information Systems,2004,1.0
Knowledge and Information Systems,2019,1.0
The Lancet,2021,1.0
The Lancet,2020,1.0
The Lancet,2017,1.0
New Media & Society,2020,1.0
Datenbank Spektrum,2012,1.0
Journal of machine learning research,2004,1.0
Journal of machine learning research,2018,1.0
Journal of machine learning research,2016,1.0
Journal of machine learning research,2023,1.0
Journal of machine learning research,2022,1.0
Journal of machine learning research,2008,1.0
Journal of machine learning research,2020,1.0
Journal of machine learning research,2018,1.0
Journal of machine learning research,2017,1.0
Journal of machine learning research,2012,1.0
Journal of machine learning research,2007,1.0
Journal of machine learning research,2018,1.0
Journal of machine learning research,2006,1.0
Journal of machine learning research,2017,1.0
Journal of machine learning research,2022,1.0
Journal of machine learning research,2023,1.0
Journal of machine learning research,2017,1.0
Science and Engineering Ethics,2016,1.0
Science and Engineering Ethics,2019,1.0
Science and Engineering Ethics,2020,1.0
Science and Engineering Ethics,2017,1.0
Science and Engineering Ethics,2018,1.0
Science and Engineering Ethics,2019,1.0
Cancers,2014,1.0
ER Forum/Posters/Demos,2021,1.0
LDOW,2011,1.0
IEEE Transactions on Automatic Control,2023,1.0
Comput. Networks,2021,1.0
J. Educ. Technol. Soc,2019,1.0
International Journal on Digital Libraries,1999,1.0
Scientific Data,2020,1.0
Scientific Data,2021,1.0
Scientific Data,2018,1.0
Scientific Data,2015,1.0
Pediatrics,2022,1.0
Chemistry,2022,1.0
Chemistry,2018,1.0
Journal of Organizational Computing and Electronic Commerce,2019,1.0
NAACL HLT,2023,1.0
Cancer Research,2003,1.0
Cancer Research,2020,1.0
Cancer Research,2022,1.0
International Journal of Machine Learning and Cybernetics,2023,1.0
Methods in molecular biology,2019,1.0
Cluster Computing,2019,1.0
Movement Ecology,2022,1.0
Movement Ecology,2022,1.0
Movement Ecology,2022,1.0
Movement Ecology,2022,1.0
Movement Ecology,2022,1.0
Movement Ecology,2020,1.0
Science Advances,2022,1.0
Science Advances,2023,1.0
Science Advances,2023,1.0
Science Advances,2022,1.0
Science Advances,2022,1.0
Science Advances,2022,1.0
Yearbook of Medical Informatics,2022,1.0
Yearbook of Medical Informatics,2016,1.0
Medical Oncology,2023,1.0
Journal of the Operational Research Society,2022,1.0
Cancer Discovery,2022,1.0
Cancer Discovery,2022,1.0
Magnetic Resonance in Medicine,1998,1.0
Nature Materials,2020,1.0
Nature Materials,2018,1.0
Nature Materials,2014,1.0
Nature Materials,2017,1.0
Nature Materials,2018,1.0
Molecules,2024,1.0
Nature Communications,2023,1.0
Nature Communications,2024,1.0
Nature Communications,2020,1.0
Nature Communications,2022,1.0
Nature Communications,2021,1.0
Nature Communications,2022,1.0
Nature Communications,2020,1.0
Nature Communications,2022,1.0
Nature Communications,2022,1.0
Nature Communications,2022,1.0
Nature Communications,2022,1.0
Nature Communications,2023,1.0
Nature Communications,2022,1.0
Nature Communications,2019,1.0
Nature Communications,2022,1.0
Nature Communications,2023,1.0
Nature Communications,2022,1.0
Nature Communications,2023,1.0
Nature Communications,2022,1.0
Nature Communications,2020,1.0
Nature Communications,2019,1.0
Nature Communications,2022,1.0
Nature Communications,2023,1.0
Nature Communications,2021,1.0
Nature Communications,2024,1.0
Nature Communications,2022,1.0
Nature Communications,2019,1.0
Nature Communications,2023,1.0
Nature Communications,2021,1.0
Nature Communications,2018,1.0
Nature Communications,2020,1.0
Nature Communications,2022,1.0
Nature Communications,2022,1.0
Nature Communications,2022,1.0
Nature Communications,2022,1.0
Nature Communications,2018,1.0
Nature Communications,2023,1.0
Nature Communications,2022,1.0
Annals of Oncology,2020,1.0
Annals of Oncology,2020,1.0
Annals of Oncology,2017,1.0
Drug Safety,2023,1.0
Health Informatics Journal,2020,1.0
Journal of Integrative Bioinformatics,2022,1.0
Nature Electronics,2020,1.0
BPM Forum,2020,1.0
BPM Forum,2021,1.0
BPM Forum,2020,1.0
Current Opinion in Neurology,2010,1.0
Adaptive Agents and Multi Agent Systems,2020,1.0
Interactions,2021,1.0
Applications and Theory of Petri Nets,2023,1.0
Applications and Theory of Petri Nets,2020,1.0
BMJ Quality & Safety,2016,1.0
JMIR Medical Informatics,2017,1.0
JMIR Medical Informatics,2023,1.0
Patterns,2022,1.0
Patterns,2023,1.0
Patterns,2024,1.0
Patterns,2023,1.0
ACM Trans. Comput. Hum. Interact,2021,1.0
Nature Reviews Clinical Oncology,2021,1.0
Nature Reviews Clinical Oncology,2019,1.0
Nature Reviews Clinical Oncology,2018,1.0
Journal of Medical Ethics,2019,1.0
Journal of Medical Ethics,2013,1.0
Journal of Medical Ethics,2020,1.0
The ISME Journal,2012,1.0
IEEE Micro,2022,1.0
Computing,2018,1.0
Biochemistry,2020,1.0
Biochemistry,2019,1.0
IEEE Transactions on Computational Social Systems,2019,1.0
IEEE Transactions on Computational Social Systems,2020,1.0
IEEE Transactions on Services Computing,2021,1.0
IEEE Transactions on Services Computing,2019,1.0
IEEE Transactions on Services Computing,2020,1.0
Structural Health Monitoring,2023,1.0
Big Data & Society,2022,1.0
Big Data & Society,2018,1.0
Frontiers in Public Health,2019,1.0
ACM Trans. Algorithms,2009,1.0
International Journal of Artificial Intelligence in Education,2023,1.0
SN Computer Science,2023,1.0
JMIR Human Factors,2021,1.0
Clinical and Translational Science,2022,1.0
Medicine,2018,1.0
IEEE Communications Magazine,2019,1.0
IEEE Communications Magazine,2020,1.0
IEEE Communications Magazine,2019,1.0
IEEE Communications Magazine,2020,1.0
IEEE Communications Magazine,2019,1.0
Information Systems,2023,1.0
Information Systems,2014,1.0
Information Systems,2019,1.0
Information Systems,2023,1.0
Information Systems,2016,1.0
Information Systems,2019,1.0
Information Systems,2016,1.0
Information Systems,2019,1.0
Information Systems,2018,1.0
Information Systems,2017,1.0
Information Systems,2021,1.0
Information Systems,2017,1.0
Information Systems,2020,1.0
Information Systems,2018,1.0
Visual,2023,1.0
Visual,2000,1.0
IEEE Transactions on Network Science and Engineering,2020,1.0
Cancer Medicine,2021,1.0
Machine Learning in Health Care,2018,1.0
Computational Intelligence and Neuroscience,2023,1.0
Nanotechnology,2022,1.0
ACS Nano,2023,1.0
ACS Nano,2022,1.0
ACS Nano,2019,1.0
ACS Nano,2022,1.0
Business Information Systems,2019,1.0
Journal of Trauma and Acute Care Surgery,2022,1.0
American Journal of Respiratory and Critical Care Medicine,2022,1.0
American Journal of Respiratory and Critical Care Medicine,2023,1.0
American Journal of Respiratory and Critical Care Medicine,2022,1.0
Genes,2022,1.0
Genes,2021,1.0
Theoretical Computer Science,2004,1.0
Theoretical Computer Science,2014,1.0
Theoretical Computer Science,2019,1.0
Theoretical Computer Science,2011,1.0
Theoretical Computer Science,2005,1.0
Theoretical Computer Science,1998,1.0
Theoretical Computer Science,2011,1.0
Theoretical Computer Science,2010,1.0
BMC Systems Biology,2016,1.0
Biomedical Informatics Insights,2018,1.0
ANT/EDI40,2021,1.0
ACS Central Science,2018,1.0
ACS Central Science,2019,1.0
ACS Central Science,2018,1.0
IEEE Trans. Neural Networks,1999,1.0
Cognitive Psychology,2009,1.0
Frontiers in Bioengineering and Biotechnology,2023,1.0
SSST@EMNLP,2015,1.0
Signal Transduction and Targeted Therapy,2024,1.0
International Journal of Digital Earth,2017,1.0
ACM Computing Surveys,2022,1.0
ACM Computing Surveys,2015,1.0
ACM Computing Surveys,2020,1.0
Frontiers in Computational Neuroscience,2021,1.0
IEEE Transactions on Visualization and Computer Graphics,2023,1.0
IEEE Transactions on Visualization and Computer Graphics,2021,1.0
IEEE Transactions on Visualization and Computer Graphics,2022,1.0
IEEE Transactions on Visualization and Computer Graphics,2021,1.0
IEEE Transactions on Visualization and Computer Graphics,2023,1.0
IEEE Transactions on Visualization and Computer Graphics,2019,1.0
IEEE Transactions on Visualization and Computer Graphics,2022,1.0
MIS Q. Executive,2018,1.0
NCHS data brief,2015,1.0
NCHS data brief,2014,1.0
Cybersecurity,2020,1.0
Computational and Mathematical Methods in Medicine,2023,1.0
Journal of Chemical Theory and Computation,2018,1.0
Science China Technological Sciences,2022,1.0
Science China Technological Sciences,2021,1.0
AAAI Fall Symposia,2017,1.0
Geographical Analysis,2022,1.0
IEEE Transactions on Communications,2020,1.0
Nature Computational Science,2023,1.0
Nature Computational Science,2024,1.0
Nature Computational Science,2023,1.0
Reasoning Web,2008,1.0
ICPM Doctoral Consortium / Tools,2021,1.0
Cognition,2024,1.0
Cognition,2010,1.0
Nature Reviews. Cancer,2022,1.0
Journal of the American Society for Mass Spectrometry,2021,1.0
J. Documentation,2022,1.0
National Academy of Sciences of the United States of America,2024,1.0
National Academy of Sciences of the United States of America,2016,1.0
National Academy of Sciences of the United States of America,2018,1.0
National Academy of Sciences of the United States of America,2018,1.0
National Academy of Sciences of the United States of America,2017,1.0
National Academy of Sciences of the United States of America,2001,1.0
National Academy of Sciences of the United States of America,2022,1.0
National Academy of Sciences of the United States of America,2018,1.0
National Academy of Sciences of the United States of America,2019,1.0
National Academy of Sciences of the United States of America,2022,1.0
National Academy of Sciences of the United States of America,2023,1.0
National Academy of Sciences of the United States of America,2022,1.0
National Academy of Sciences of the United States of America,2024,1.0
National Academy of Sciences of the United States of America,2024,1.0
National Academy of Sciences of the United States of America,2020,1.0
National Academy of Sciences of the United States of America,2023,1.0
National Academy of Sciences of the United States of America,2022,1.0
National Academy of Sciences of the United States of America,2014,1.0
National Academy of Sciences of the United States of America,2013,1.0
National Academy of Sciences of the United States of America,2024,1.0
National Academy of Sciences of the United States of America,2024,1.0
National Academy of Sciences of the United States of America,2011,1.0
National Academy of Sciences of the United States of America,2024,1.0
National Academy of Sciences of the United States of America,2016,1.0
National Academy of Sciences of the United States of America,2020,1.0
National Academy of Sciences of the United States of America,2008,1.0
Perspectives on Psychological Science,2018,1.0
Methods,2020,1.0
Methods,2016,1.0
PLoS Biology,2016,1.0
Web Search and Data Mining,2020,1.0
Web Search and Data Mining,2019,1.0
European Respiratory Journal,2020,1.0
European Respiratory Journal,2018,1.0
Journal of the American College of Surgeons,2017,1.0
"IEEE Transactions on Audio, Speech, and Language Processing",2013,1.0
Frontiers in Neuroscience,2020,1.0
Molecular Informatics,2018,1.0
Computers and Electronics in Agriculture,2023,1.0
Computers and Electronics in Agriculture,2020,1.0
Computers and Electronics in Agriculture,2023,1.0
Computers and Electronics in Agriculture,2020,1.0
Computers and Electronics in Agriculture,2023,1.0
Computers and Electronics in Agriculture,2023,1.0
SIGP,2002,1.0
Numerical Algorithms,2021,1.0
Pharmaceuticals,2023,1.0
Nature Human Behaviour,2022,1.0
Nature Human Behaviour,2023,1.0
Nature Human Behaviour,2024,1.0
Nature Human Behaviour,2024,1.0
Nature Human Behaviour,2024,1.0
Canadian Medical Association Journal,2011,1.0
F1000Research,2016,1.0
F1000Research,2019,1.0
Algorithms,2023,1.0
Algorithms,2014,1.0
Medical Care,2010,1.0
Medical Care,2008,1.0
Fundamental Approaches to Software Engineering,2015,1.0
Sensors International,2023,1.0
"Philosophical Transactions of the Royal Society A: Mathematical, Physical and Engineering Sciences",2020,1.0
"Philosophical Transactions of the Royal Society A: Mathematical, Physical and Engineering Sciences",2019,1.0
"Philosophical Transactions of the Royal Society A: Mathematical, Physical and Engineering Sciences",2019,1.0
"Philosophical Transactions of the Royal Society A: Mathematical, Physical and Engineering Sciences",2020,1.0
"Philosophical Transactions of the Royal Society A: Mathematical, Physical and Engineering Sciences",2019,1.0
"Philosophical Transactions of the Royal Society A: Mathematical, Physical and Engineering Sciences",2020,1.0
Chest,2019,1.0
Chest,2021,1.0
IEEE Transactions on Wireless Communications,2020,1.0
Artificial Intelligence,2002,1.0
Artificial Intelligence,2019,1.0
Artificial Intelligence,2021,1.0
BioASQ@CLEF,2015,1.0
BioASQ@CLEF,2015,1.0
BioASQ@CLEF,2015,1.0
BioASQ@CLEF,2015,1.0
COLD,2014,1.0
COLD,2017,1.0
PLoS Genetics,2018,1.0
PLoS Genetics,2009,1.0
Provable Security,2022,1.0
The Laryngoscope,2017,1.0
"International Colloquium on Automata, Languages and Programming",2019,1.0
Cognitive Computation,2023,1.0
Cognitive Computation,2023,1.0
Metabolites,2021,1.0
Metabolites,2022,1.0
Metabolites,2024,1.0
Metabolites,2021,1.0
Metabolites,2021,1.0
International Journal of Environmental Research and Public Health,2021,1.0
International Journal of Environmental Research and Public Health,2020,1.0
International Journal of Environmental Research and Public Health,2022,1.0
International Journal of Environmental Research and Public Health,2021,1.0
International Journal of Environmental Research and Public Health,2021,1.0
International Journal of Environmental Research and Public Health,2020,1.0
International Journal of Environmental Research and Public Health,2021,1.0
International Journal of Environmental Research and Public Health,2020,1.0
International Journal of Environmental Research and Public Health,2019,1.0
IEEE Transactions on Medical Imaging,2021,1.0
Molecular biology and evolution,2019,1.0
Molecular biology and evolution,2020,1.0
Molecular biology and evolution,2019,1.0
Nature Nanotechnology,2020,1.0
Nature Nanotechnology,2022,1.0
Nature Nanotechnology,2021,1.0
Nature Nanotechnology,2021,1.0
Nature Nanotechnology,2020,1.0
Nature Nanotechnology,2022,1.0
Nature Nanotechnology,2022,1.0
BMC Medical Research Methodology,2021,1.0
IACR Cryptology ePrint Archive,2020,1.0
European Journal of Human Genetics,2020,1.0
Trans. Mach. Learn. Res,2023,1.0
The Adaptive Web,2009,1.0
Cancer treatment and research,2020,1.0
The British journal of general practice: the journal of the Royal College of General Practitioners,2020,1.0
Journal of Cutaneous Medicine and Surgery,2011,1.0
Journal of Law and the Biosciences,2022,1.0
IEEE Congress on Evolutionary Computation,2013,1.0
Current Biology,2022,1.0
Current Biology,2014,1.0
BMC Medical Ethics,2023,1.0
IEEE Transactions on Transportation Electrification,2020,1.0
Pediatric Critical Care Medicine,2022,1.0
Trust and Trustworthy Computing,2016,1.0
GigaScience,2019,1.0
Security and Artificial Intelligence,2020,1.0
Nature Chemistry,2022,1.0
Nature Chemistry,2023,1.0
Nature Chemistry,2016,1.0
American Journal of Clinical Dermatology,2021,1.0
Genome Research,2011,1.0
Genome Research,2011,1.0
CoCo@NIPS,2018,1.0
Künstliche Intell,2004,1.0
Frontiers of Computer Science,2019,1.0
Philosophy & Technology,2023,1.0
Philosophy & Technology,2019,1.0
Philosophy & Technology,2018,1.0
Oncogene,2003,1.0
JAMA dermatology,2021,1.0
JACM,2010,1.0
JACM,2015,1.0
Medical Reference Services Quarterly,2019,1.0
Radiology,2023,1.0
Network Science,2024,1.0
Expert Opinion on Drug Discovery,2023,1.0
NeurIPS Datasets and Benchmarks,2022,1.0
NeurIPS Datasets and Benchmarks,2023,1.0
NeurIPS Datasets and Benchmarks,2022,1.0
NeurIPS Datasets and Benchmarks,2023,1.0
Communications Biology,2022,1.0
Osteoporosis International,2014,1.0
Journal of Chemical Information and Modeling,2017,1.0
Journal of Chemical Information and Modeling,2016,1.0
Journal of Chemical Information and Modeling,2023,1.0
Journal of Chemical Information and Modeling,2021,1.0
Journal of Chemical Information and Modeling,2021,1.0
"Inquiry: a journal of medical care organization, provision and financing",2017,1.0
Proteomics,2021,1.0
Proteomics,2016,1.0
Requirements Engineering,2021,1.0
IEEE Transactions on Very Large Scale Integration (VLSI) Systems,2022,1.0
Informatics,2020,1.0
IEEE Geoscience and Remote Sensing Magazine,2024,1.0
Cancer,2011,1.0
Cancer,2018,1.0
Interdisciplinary Science Reviews,2022,1.0
Journal of experimental psychology. General,2017,1.0
GI Jahrestagung,2020,1.0
IEEE Transactions on Biomedical Engineering,1991,1.0
Nature Microbiology,2017,1.0
Materials,2020,1.0
Synthese,2016,1.0
Synthese,2024,1.0
Journal of Personality and Social Psychology,2001,1.0
Journal of Education and Health Promotion,2022,1.0
JAMA Internal Medicine,2022,1.0
Parallel Distributed Comput. Pract,2001,1.0
"Journal of the Optical Society of America. A, Optics and image science",1991,1.0
Nature Chemical Biology,2021,1.0
Nature Chemical Biology,2022,1.0
Nature Chemical Biology,2023,1.0
Frontiers in Bioinformatics,2023,1.0
Frontiers in Bioinformatics,2023,1.0
BMJ Health & Care Informatics,2022,1.0
Information Technology Convergence and Services,2012,1.0
ProHealth/KR4HC,2014,1.0
ACM Trans. Interact. Intell. Syst,2018,1.0
Nature Neuroscience,2020,1.0
ONTOBRAS,2020,1.0
The Journal of IMA,2012,1.0
The Journal of IMA,2013,1.0
Computational Linguistics,2022,1.0
SWIM '12,2014,1.0
Journal of Computational Social Science,2019,1.0
IEEE Consumer Electron. Mag,2017,1.0
IEEE Consumer Electron. Mag,2018,1.0
ILD@ESWC,2014,1.0
"Web Intelligence, Mining and Semantics",2020,1.0
Surgery,2017,1.0
Aging Cell,2021,1.0
ACM Journal on Responsible Computing,2024,1.0
Integrated Spatial Databases,2019,1.0
Diagnostics,2023,1.0
Royal Society Open Science,2022,1.0
bioRxiv,2019,1.0
bioRxiv,2023,1.0
bioRxiv,2022,1.0
bioRxiv,2023,1.0
bioRxiv,2022,1.0
bioRxiv,2023,1.0
bioRxiv,2022,1.0
bioRxiv,2022,1.0
bioRxiv,2020,1.0
bioRxiv,2021,1.0
bioRxiv,2022,1.0
bioRxiv,2021,1.0
bioRxiv,2023,1.0
bioRxiv,2024,1.0
Lecture Notes in Computer Science,2020,1.0
Lecture Notes in Computer Science,2021,1.0
Emergency Medicine Australasia,2011,1.0
Frontiers in Systems Neuroscience,2011,1.0
Frontiers in Systems Neuroscience,2014,1.0
American Journal of Epidemiology,2011,1.0
American Journal of Epidemiology,2019,1.0
Cells,2024,1.0
Health Care Analysis,2022,1.0
CSUR,2009,1.0
Latin American Web Congress (LA WEB'),2006,1.0
Latin American Web Congress (LA WEB'),2007,1.0
Biotechnology Advances,2021,1.0
Yi chuan = Hereditas,2021,1.0
Yi chuan = Hereditas,2021,1.0
Journal of Proteome Research,2018,1.0
Journal of Proteome Research,2021,1.0
Journal of Proteome Research,2021,1.0
Journal of Proteome Research,2010,1.0
Chem,2018,1.0
Biometrika,2018,1.0
Scalable Uncertainty Management,2017,1.0
Journal of Medical Engineering & Technology,2022,1.0
FLAP,2021,1.0
Nature Reviews Psychology,2024,1.0
Clinical Cardiology,2021,1.0
Learning and Intelligent Optimization,2012,1.0
Political Analysis,2024,1.0
Int. J. Electron. Heal,2018,1.0
CMAJ: Canadian Medical Association journal = journal de l'Association medicale canadienne,2003,1.0
Journal of Nuclear Medicine,2019,1.0
Behavioral and Brain Sciences,2017,1.0
Behavioral and Brain Sciences,2018,1.0
SIGIR Forum,2021,1.0
GMS Journal for Medical Education,2022,1.0
CIAO! / EOMAS,2009,1.0
Systematic Biology,2009,1.0